{
	"hk-leaseweb.chinano1.co" : {
		"totalUploadBytes" : 73079,
		"totalDownloadBytes" : 28158
	},
	"gb9g6qwuw5.chinano1.co" : {
		"totalUploadBytes" : 1441917,
		"totalDownloadBytes" : 4476347
	},
	"jp-nhn.chinano1.co" : {
		"totalUploadBytes" : 59675,
		"totalDownloadBytes" : 38373
	},
	"us-cogent-a.synr.asia" : {
		"totalUploadBytes" : 173817,
		"totalDownloadBytes" : 176388
	},
	"35.241.73.117" : {
		"totalUploadBytes" : 793023,
		"totalDownloadBytes" : 10328347
	},
	"106.14.169.147" : {
		"totalUploadBytes" : 2109156,
		"totalDownloadBytes" : 10003695
	},
	"kiki-53-tw-vip0-04-gqhg.yaboviss.site" : {
		"totalUploadBytes" : 63864162,
		"totalDownloadBytes" : 205946830
	}
}