{
	"gb9g6qwuw5.chinano1.co" : {
		"totalUploadBytes" : 0,
		"totalDownloadBytes" : 0
	},
	"185.135.80.19" : {
		"totalUploadBytes" : 0,
		"totalDownloadBytes" : 0
	},
	"y2psm5zy36.chinano1.co" : {
		"totalUploadBytes" : 0,
		"totalDownloadBytes" : 0
	},
	"kr-azure.synr.asia" : {
		"totalUploadBytes" : 0,
		"totalDownloadBytes" : 0
	},
	"hk-az-a.chinano1.co" : {
		"totalUploadBytes" : 0,
		"totalDownloadBytes" : 0
	},
	"cn.sc-cm.1g.oos.cloud.cdn.cloudflare.net" : {
		"totalUploadBytes" : 0,
		"totalDownloadBytes" : 0
	},
	"jp-idcf.chinano1.co" : {
		"totalUploadBytes" : 0,
		"totalDownloadBytes" : 0
	},
	"usa.synr.asia" : {
		"totalUploadBytes" : 0,
		"totalDownloadBytes" : 0
	},
	"hkbn-c.1000m.ooscloud.com.cdn.cloudflare.net" : {
		"totalUploadBytes" : 0,
		"totalDownloadBytes" : 0
	},
	"us-ncp.synr.asia" : {
		"totalUploadBytes" : 0,
		"totalDownloadBytes" : 0
	},
	"jp-azure.synr.asia" : {
		"totalUploadBytes" : 0,
		"totalDownloadBytes" : 0
	},
	"szhk.iplc.500.g.wdnmd.co.cdn.cloudflare.net" : {
		"totalUploadBytes" : 0,
		"totalDownloadBytes" : 0
	},
	"fgyjikytrq.chinano1.co" : {
		"totalUploadBytes" : 20751713,
		"totalDownloadBytes" : 216596729
	},
	"wtt.1gbps.a.wdnmd.co.cdn.cloudflare.net" : {
		"totalUploadBytes" : 0,
		"totalDownloadBytes" : 0
	},
	"ablenet-a.200m.wdnmd.co.cdn.cloudflare.net" : {
		"totalUploadBytes" : 0,
		"totalDownloadBytes" : 0
	},
	"yreiuvn30bc.chinano1.co" : {
		"totalUploadBytes" : 0,
		"totalDownloadBytes" : 0
	},
	"tw-tfn.synr.asia" : {
		"totalUploadBytes" : 0,
		"totalDownloadBytes" : 0
	},
	"us-rfc-los.synr.asia" : {
		"totalUploadBytes" : 0,
		"totalDownloadBytes" : 0
	},
	"hk-leaseweb.chinano1.co" : {
		"totalUploadBytes" : 0,
		"totalDownloadBytes" : 0
	},
	"jp-idcf.yahoo.iij.oos.cloud.cdn.cloudflare.net" : {
		"totalUploadBytes" : 0,
		"totalDownloadBytes" : 0
	},
	"us.cn2-gia-a.synr.asia" : {
		"totalUploadBytes" : 0,
		"totalDownloadBytes" : 0
	},
	"jp-8.azure.ooscloud.com.cdn.cloudflare.net" : {
		"totalUploadBytes" : 0,
		"totalDownloadBytes" : 0
	},
	"us-cogent-a.synr.asia" : {
		"totalUploadBytes" : 0,
		"totalDownloadBytes" : 0
	},
	"jp-nhn.chinano1.co" : {
		"totalUploadBytes" : 0,
		"totalDownloadBytes" : 0
	},
	"tw-cht.synr.asia" : {
		"totalUploadBytes" : 0,
		"totalDownloadBytes" : 0
	},
	"us-dedi.synr.asia" : {
		"totalUploadBytes" : 0,
		"totalDownloadBytes" : 0
	},
	"hkt-a.synr.asia" : {
		"totalUploadBytes" : 0,
		"totalDownloadBytes" : 0
	},
	"6yxli3dp0s.chinano1.co" : {
		"totalUploadBytes" : 0,
		"totalDownloadBytes" : 0
	},
	"uk.chinano1.co" : {
		"totalUploadBytes" : 0,
		"totalDownloadBytes" : 0
	},
	"hk-24.azure.ooscloud.com.cdn.cloudflare.net" : {
		"totalUploadBytes" : 0,
		"totalDownloadBytes" : 0
	},
	"azure.hk-idcf.oos.cloud.cdn.cloudflare.net" : {
		"totalUploadBytes" : 0,
		"totalDownloadBytes" : 0
	},
	"sg-ali.chinano1.co" : {
		"totalUploadBytes" : 0,
		"totalDownloadBytes" : 0
	},
	"kr-4.azure.ooscloud.com.cdn.cloudflare.net" : {
		"totalUploadBytes" : 0,
		"totalDownloadBytes" : 0
	},
	"de.gia.b.synr.asia" : {
		"totalUploadBytes" : 0,
		"totalDownloadBytes" : 0
	},
	"162.209.218.3" : {
		"totalUploadBytes" : 16524,
		"totalDownloadBytes" : 82897
	},
	"194.147.35.24" : {
		"totalUploadBytes" : 34533,
		"totalDownloadBytes" : 442789
	},
	"194.87.234.236" : {
		"totalUploadBytes" : 38891,
		"totalDownloadBytes" : 221611
	},
	"185.22.152.211" : {
		"totalUploadBytes" : 2377,
		"totalDownloadBytes" : 36422
	},
	"207.148.112.253" : {
		"totalUploadBytes" : 15985,
		"totalDownloadBytes" : 30868
	},
	"139.162.67.40" : {
		"totalUploadBytes" : 545,
		"totalDownloadBytes" : 0
	},
	"198.13.48.103" : {
		"totalUploadBytes" : 7602,
		"totalDownloadBytes" : 38806
	},
	"172.104.131.24" : {
		"totalUploadBytes" : 1391,
		"totalDownloadBytes" : 18190
	},
	"54.199.160.184" : {
		"totalUploadBytes" : 3598,
		"totalDownloadBytes" : 16596
	},
	"172.104.109.232" : {
		"totalUploadBytes" : 551,
		"totalDownloadBytes" : 0
	},
	"139.162.15.45" : {
		"totalUploadBytes" : 2386,
		"totalDownloadBytes" : 18882
	},
	"185.255.131.109" : {
		"totalUploadBytes" : 7969,
		"totalDownloadBytes" : 147530
	},
	"139.162.86.228" : {
		"totalUploadBytes" : 8303,
		"totalDownloadBytes" : 325321
	},
	"185.255.131.108" : {
		"totalUploadBytes" : 6644,
		"totalDownloadBytes" : 35420
	},
	"172.104.66.124" : {
		"totalUploadBytes" : 4252,
		"totalDownloadBytes" : 105224
	},
	"85.117.235.82" : {
		"totalUploadBytes" : 1724,
		"totalDownloadBytes" : 240
	},
	"45.66.135.97" : {
		"totalUploadBytes" : 21459,
		"totalDownloadBytes" : 36830
	},
	"45.85.0.147" : {
		"totalUploadBytes" : 42198,
		"totalDownloadBytes" : 189269
	},
	"45.59.126.34" : {
		"totalUploadBytes" : 30368,
		"totalDownloadBytes" : 173389
	},
	"194.124.34.188" : {
		"totalUploadBytes" : 19554,
		"totalDownloadBytes" : 73614
	},
	"183.61.251.127" : {
		"totalUploadBytes" : 31949,
		"totalDownloadBytes" : 2029
	},
	"40.83.114.203" : {
		"totalUploadBytes" : 13967,
		"totalDownloadBytes" : 973
	},
	"46.29.166.112" : {
		"totalUploadBytes" : 8759,
		"totalDownloadBytes" : 25706
	}
}